-- Convenience store reset seed
-- WARNING: this clears existing app data for a fresh local/dev setup.
--
-- Admin login:
--   email: manager@baanjaistore.test
--   password: CoffeeShopAdmin123!
--
-- Usage:
--   psql "$DATABASE_URL" -f seed-data/seed-data-convenience-store.sql

BEGIN;

TRUNCATE TABLE
  "payroll_result_line",
  "payroll_result",
  "payroll_adjustment",
  "payroll_run",
  "payroll_period",
  "overtime_entry",
  "attendance_entry",
  "leave_balance_ledger",
  "leave_request",
  "leave_type",
  "employee_schedule_assignment",
  "work_schedule",
  "employee_compensation_history",
  "holiday",
  "employee",
  "department",
  "payroll_policy_version",
  "audit_log",
  "account",
  "session",
  "verification",
  "user",
  "company_settings"
RESTART IDENTITY CASCADE;

INSERT INTO "user" (
  id,
  name,
  email,
  email_verified,
  image,
  created_at,
  updated_at,
  role,
  is_active
) VALUES (
  'seed-admin-baanjai',
  'Anan Kittisak',
  'manager@baanjaistore.test',
  TRUE,
  NULL,
  NOW(),
  NOW(),
  'admin',
  TRUE
);

INSERT INTO "account" (
  id,
  account_id,
  provider_id,
  user_id,
  password,
  created_at,
  updated_at
) VALUES (
  'seed-account-baanjai-admin',
  'seed-admin-baanjai',
  'credential',
  'seed-admin-baanjai',
  '2fa791c90e7044cdc6ce26b3d0e6eae5:41919d97f74f0e253ab9dd9727cb3847be8d3c6f95acfd08c23a643acda4c145ef46147b856b42cab23db6a75bae04cb51d2f5392d54ab71ba91a8577d07a963',
  NOW(),
  NOW()
);

INSERT INTO "company_settings" (
  id,
  business_name,
  timezone,
  currency_code,
  week_starts_on,
  created_at,
  updated_at
) VALUES (
  'main',
  'Baan Jai Convenience Store',
  'Asia/Bangkok',
  'THB',
  1,
  NOW(),
  NOW()
);

INSERT INTO "payroll_policy_version" (
  id,
  effective_from,
  effective_to,
  payroll_frequency,
  overtime_multiplier_default,
  paid_leave_payable,
  sick_leave_payable,
  holidays_paid,
  holiday_work_multiplier,
  late_grace_minutes,
  unpaid_break_required,
  default_work_minutes_per_day,
  monthly_deduction_method,
  notes,
  created_by_user_id,
  created_at,
  updated_at
) VALUES (
  'policy-default',
  '2026-01-01',
  NULL,
  'monthly',
  '1.50',
  TRUE,
  TRUE,
  TRUE,
  '1.00',
  0,
  TRUE,
  480,
  'calendar_days',
  'Default monthly payroll settings for Baan Jai Convenience Store.',
  'seed-admin-baanjai',
  NOW(),
  NOW()
);

INSERT INTO "employee" (
  id,
  employee_code,
  full_name,
  email,
  phone_number,
  status,
  hire_date,
  end_date,
  department_id,
  job_title,
  paid_leave_quota,
  sick_leave_quota,
  payment_notes,
  notes,
  created_at,
  updated_at
) VALUES
  (
    'emp-anan-manager',
    'EMP-001',
    'Anan Kittisak',
    'manager@baanjaistore.test',
    '+66810000001',
    'active',
    '2024-01-10',
    NULL,
    NULL,
    'Manager',
    '6.00',
    '6.00',
    NULL,
    'Store manager and main admin account.',
    NOW(),
    NOW()
  ),
  (
    'emp-mali-cashier',
    'EMP-002',
    'Mali Srisai',
    'mali@baanjaistore.test',
    '+66810000002',
    'active',
    '2025-02-01',
    NULL,
    NULL,
    'Cashier',
    '6.00',
    '6.00',
    NULL,
    'Morning cashier.',
    NOW(),
    NOW()
  ),
  (
    'emp-pim-cashier',
    'EMP-003',
    'Pimlada Chaiyo',
    'pimlada@baanjaistore.test',
    '+66810000003',
    'active',
    '2025-05-15',
    NULL,
    NULL,
    'Cashier',
    '6.00',
    '6.00',
    NULL,
    'Afternoon cashier.',
    NOW(),
    NOW()
  ),
  (
    'emp-vee-helper',
    'EMP-004',
    'Vee Somboon',
    'vee@baanjaistore.test',
    '+66810000004',
    'active',
    '2025-08-01',
    NULL,
    NULL,
    'Helper',
    '6.00',
    '6.00',
    NULL,
    'Restocking and store support.',
    NOW(),
    NOW()
  );

INSERT INTO "employee_compensation_history" (
  id,
  employee_id,
  pay_type,
  hourly_rate,
  monthly_salary,
  overtime_eligible,
  overtime_rate_mode,
  overtime_rate,
  overtime_multiplier,
  effective_from,
  effective_to,
  change_reason,
  created_by_user_id,
  created_at,
  updated_at
) VALUES
  (
    'comp-anan-current',
    'emp-anan-manager',
    'monthly',
    NULL,
    '24000.00',
    FALSE,
    NULL,
    NULL,
    NULL,
    '2026-01-01',
    NULL,
    'Current monthly salary',
    'seed-admin-baanjai',
    NOW(),
    NOW()
  ),
  (
    'comp-mali-current',
    'emp-mali-cashier',
    'hourly',
    '60.00',
    NULL,
    TRUE,
    'multiplier',
    NULL,
    '1.50',
    '2026-01-01',
    NULL,
    'Current hourly rate',
    'seed-admin-baanjai',
    NOW(),
    NOW()
  ),
  (
    'comp-pim-current',
    'emp-pim-cashier',
    'hourly',
    '62.00',
    NULL,
    TRUE,
    'multiplier',
    NULL,
    '1.50',
    '2026-01-01',
    NULL,
    'Current hourly rate',
    'seed-admin-baanjai',
    NOW(),
    NOW()
  ),
  (
    'comp-vee-current',
    'emp-vee-helper',
    'hourly',
    '55.00',
    NULL,
    TRUE,
    'multiplier',
    NULL,
    '1.50',
    '2026-01-01',
    NULL,
    'Current hourly rate',
    'seed-admin-baanjai',
    NOW(),
    NOW()
  );

INSERT INTO "holiday" (
  id,
  holiday_date,
  name,
  type,
  business_closed,
  work_allowed,
  is_paid_holiday,
  notes,
  created_at,
  updated_at
) VALUES
  (
    'holiday-songkran-2026',
    '2026-04-13',
    'Songkran Holiday',
    'public',
    TRUE,
    FALSE,
    TRUE,
    'Store closed for Songkran.',
    NOW(),
    NOW()
  ),
  (
    'holiday-labour-day-2026',
    '2026-05-01',
    'Labour Day',
    'public',
    TRUE,
    FALSE,
    TRUE,
    'Public holiday.',
    NOW(),
    NOW()
  );

INSERT INTO "attendance_entry" (
  id,
  employee_id,
  work_date,
  segment_index,
  shift_label,
  planned_start_at,
  planned_end_at,
  actual_clock_in_at,
  actual_clock_out_at,
  break_minutes,
  status,
  approval_status,
  source,
  remarks,
  created_by_user_id,
  created_at,
  updated_at
) VALUES
  (
    'att-anan-2026-04-10',
    'emp-anan-manager',
    '2026-04-10',
    0,
    NULL,
    NULL,
    NULL,
    '2026-04-10 08:00:00+07:00',
    '2026-04-10 17:30:00+07:00',
    60,
    'present',
    'approved',
    'seed',
    'Checked supplier deliveries and daily cash summary.',
    'seed-admin-baanjai',
    NOW(),
    NOW()
  ),
  (
    'att-mali-2026-04-10',
    'emp-mali-cashier',
    '2026-04-10',
    0,
    NULL,
    NULL,
    NULL,
    '2026-04-10 06:50:00+07:00',
    '2026-04-10 15:10:00+07:00',
    60,
    'present',
    'approved',
    'seed',
    'Morning counter shift.',
    'seed-admin-baanjai',
    NOW(),
    NOW()
  ),
  (
    'att-pim-2026-04-10',
    'emp-pim-cashier',
    '2026-04-10',
    0,
    NULL,
    NULL,
    NULL,
    '2026-04-10 13:00:00+07:00',
    '2026-04-10 21:15:00+07:00',
    60,
    'present',
    'approved',
    'seed',
    'Evening cashier shift.',
    'seed-admin-baanjai',
    NOW(),
    NOW()
  ),
  (
    'att-vee-2026-04-10',
    'emp-vee-helper',
    '2026-04-10',
    0,
    NULL,
    NULL,
    NULL,
    '2026-04-10 08:30:00+07:00',
    '2026-04-10 17:30:00+07:00',
    60,
    'present',
    'approved',
    'seed',
    'Shelf restocking and cleanup.',
    'seed-admin-baanjai',
    NOW(),
    NOW()
  ),
  (
    'att-anan-2026-04-11',
    'emp-anan-manager',
    '2026-04-11',
    0,
    NULL,
    NULL,
    NULL,
    '2026-04-11 08:05:00+07:00',
    '2026-04-11 17:00:00+07:00',
    60,
    'present',
    'approved',
    'seed',
    'Weekend stock review.',
    'seed-admin-baanjai',
    NOW(),
    NOW()
  ),
  (
    'att-mali-2026-04-11',
    'emp-mali-cashier',
    '2026-04-11',
    0,
    NULL,
    NULL,
    NULL,
    '2026-04-11 07:00:00+07:00',
    '2026-04-11 15:00:00+07:00',
    60,
    'present',
    'approved',
    'seed',
    'Morning cashier shift.',
    'seed-admin-baanjai',
    NOW(),
    NOW()
  ),
  (
    'att-pim-2026-04-11',
    'emp-pim-cashier',
    '2026-04-11',
    0,
    NULL,
    NULL,
    NULL,
    NULL,
    NULL,
    0,
    'paid_leave',
    'approved',
    'seed',
    'Paid leave day.',
    'seed-admin-baanjai',
    NOW(),
    NOW()
  ),
  (
    'att-vee-2026-04-11',
    'emp-vee-helper',
    '2026-04-11',
    0,
    NULL,
    NULL,
    NULL,
    '2026-04-11 09:00:00+07:00',
    '2026-04-11 18:00:00+07:00',
    60,
    'present',
    'approved',
    'seed',
    'Received inventory and organized storage.',
    'seed-admin-baanjai',
    NOW(),
    NOW()
  ),
  (
    'att-vee-2026-04-12',
    'emp-vee-helper',
    '2026-04-12',
    0,
    NULL,
    NULL,
    NULL,
    NULL,
    NULL,
    0,
    'unpaid_leave',
    'approved',
    'seed',
    'Unpaid personal leave.',
    'seed-admin-baanjai',
    NOW(),
    NOW()
  ),
  (
    'att-anan-2026-04-13',
    'emp-anan-manager',
    '2026-04-13',
    0,
    NULL,
    NULL,
    NULL,
    NULL,
    NULL,
    0,
    'holiday_off',
    'approved',
    'seed',
    'Songkran holiday.',
    'seed-admin-baanjai',
    NOW(),
    NOW()
  ),
  (
    'att-mali-2026-04-13',
    'emp-mali-cashier',
    '2026-04-13',
    0,
    NULL,
    NULL,
    NULL,
    NULL,
    NULL,
    0,
    'holiday_off',
    'approved',
    'seed',
    'Songkran holiday.',
    'seed-admin-baanjai',
    NOW(),
    NOW()
  ),
  (
    'att-pim-2026-04-13',
    'emp-pim-cashier',
    '2026-04-13',
    0,
    NULL,
    NULL,
    NULL,
    NULL,
    NULL,
    0,
    'holiday_off',
    'approved',
    'seed',
    'Songkran holiday.',
    'seed-admin-baanjai',
    NOW(),
    NOW()
  ),
  (
    'att-vee-2026-04-13',
    'emp-vee-helper',
    '2026-04-13',
    0,
    NULL,
    NULL,
    NULL,
    NULL,
    NULL,
    0,
    'holiday_off',
    'approved',
    'seed',
    'Songkran holiday.',
    'seed-admin-baanjai',
    NOW(),
    NOW()
  );

INSERT INTO "overtime_entry" (
  id,
  employee_id,
  attendance_entry_id,
  work_date,
  requested_minutes,
  approved_minutes,
  status,
  rate_mode,
  custom_rate,
  custom_multiplier,
  remarks,
  approved_by_user_id,
  created_at,
  updated_at
) VALUES
  (
    'ot-mali-2026-04-10',
    'emp-mali-cashier',
    'att-mali-2026-04-10',
    '2026-04-10',
    60,
    60,
    'approved',
    'multiplier',
    NULL,
    '1.50',
    'Stayed late for handover and restocking.',
    'seed-admin-baanjai',
    NOW(),
    NOW()
  ),
  (
    'ot-vee-2026-04-11',
    'emp-vee-helper',
    'att-vee-2026-04-11',
    '2026-04-11',
    30,
    30,
    'approved',
    'multiplier',
    NULL,
    '1.50',
    'Extra cleanup before closing.',
    'seed-admin-baanjai',
    NOW(),
    NOW()
  );

COMMIT;
